AvgVelocity,Mass,PressureDrop,Surface Area,Velocity Inlet,X Cell Size,YZ Cell Size
523.3083357,136.5668178,5763.891189,28869.089,3048.282804,24.49678132,12.05683365
715.2403372,126.252169,10558.11303,23472.21709,3398.048755,14.86907896,23.88717468
713.1138967,136.853618,12111.37343,27548.48171,3419.743773,12.16716581,16.81641807
647.8108117,121.7974273,7728.859278,22014.22423,3214.14647,21.86648842,24.77887606
499.704965,136.0302448,5145.25033,27627.99648,2565.113172,14.09068405,15.94531715
528.1861183,139.5934431,5960.611396,28465.56475,2919.872365,17.25318284,12.68336246
536.4163762,128.2002348,5557.330826,24479.27652,2880.483825,23.02517106,17.27105007
472.7170185,134.1986241,4798.712531,27780.34396,2708.213758,24.35936422,13.12087906
540.8000374,126.2406188,6058.494209,24072.71452,2743.066558,17.8366485,21.66416084
509.0071933,146.8563378,6383.267821,31446.10339,2600.633902,12.78868589,11.49537132
647.5892952,124.6721635,8690.756549,23499.08732,3281.348349,19.42765714,22.57097471
482.9525373,141.9349342,5012.98146,31360.16082,2821.621057,20.81888621,10.49591333
502.3886142,141.1127618,5122.591379,30991.91262,2939.546181,22.38610235,10.58572885
594.117786,137.6679551,9158.844236,28652.3741,2752.334644,11.35990558,16.76688544
609.732424,121.8468347,4902.983034,22053.86518,3402.33548,24.82899205,23.700629
616.3484406,135.5765246,8038.566853,26585.19786,3261.423344,18.07585707,14.45837565
463.0776926,137.4672421,4812.051695,28043.1044,2515.600184,16.06952513,13.89580743
567.1558124,150.5651384,8993.615322,32924.00158,2852.670298,10.83977913,11.05639227
649.8278785,128.9792286,8851.800159,24432.29814,3353.082168,18.58884504,18.34657813
542.0359069,129.6238185,5728.515392,24995.50463,3003.77094,23.60293776,16.02580609
570.8180115,139.6375959,8426.298488,29183.23451,2732.869528,12.04994791,14.96586711
594.6818137,121.4844186,7258.583139,22080.38403,3052.892841,22.87705003,24.26095845
697.786875,131.4854966,10877.0365,26023.67036,3229.938364,13.16322379,19.6208815
611.5569411,138.3809848,9316.037255,28339.29097,2839.182943,11.42689848,16.35356246
448.6138417,134.6544634,4261.77952,27303.29839,2613.883395,21.70439791,13.53298182
654.4630477,130.8231507,9006.792327,25263.09529,3058.676167,14.73155848,19.26119219
620.8258116,136.5471543,8602.273612,27185.97457,3084.671373,14.36328904,15.31648305
504.7673014,136.0428254,5320.311567,27578.68645,2907.666054,19.97780839,13.54557939
602.3439803,131.3187933,7990.873581,25733.52196,2944.555281,14.52931864,18.84729856
503.331591,130.2433621,3382.85337,24927.15363,2980.99791,23.63614368,15.84516185
567.4559855,121.6529162,6321.137418,20826.01348,2823.107687,22.71543064,24.49911039
550.9392376,128.5635284,6276.606887,24171.67121,3066.739435,22.91856936,16.89095464
741.2065743,130.5021252,12266.25371,25676.16068,3351.763988,12.98914562,20.8573705
640.1492996,122.0910859,8159.628382,21512.51951,3208.600586,21.13114307,24.40274258
604.9564335,123.8873463,7551.371113,22772.71178,3386.442498,23.0120239,21.25092471
575.5997967,136.0182221,7439.976737,26815.16406,2815.455517,14.20849329,16.04651915
611.1226613,129.1622522,8097.264051,25309.43347,3081.088447,15.33710827,19.90292193
505.025566,123.8279158,4884.650575,22355.93923,2592.841561,24.9639291,20.1008213
663.9768045,133.7786895,9019.67308,26650.12046,3378.482961,14.79469682,16.99430157
486.0660047,140.4525473,5034.413616,30014.40478,2772.745382,20.50841611,11.42703721
497.1584621,132.8484786,4972.587842,26260.31129,2833.831111,22.16247706,14.5705046
511.8953513,132.9589508,5717.983306,25712.89461,2691.012018,18.14752578,16.08875157
586.5806593,127.3425989,7465.942708,24800.03358,2923.793194,16.77010416,21.12566427
541.5905678,126.2574781,5671.439443,22722.06657,2546.14976,18.86237066,21.45488221
544.4895614,126.0381215,5200.642355,22627.66433,2712.818169,20.18256817,20.48959391
556.0967988,124.5937363,6344.949705,23015.05698,2677.035393,19.23931588,23.05124322
690.9810993,123.4570639,8865.762593,21595.50587,3405.026683,19.36651794,23.9775181
627.2062039,128.3900006,9123.386816,26269.11964,2856.856544,12.38527879,23.71186521
596.2302334,140.8605331,7736.923255,29452.1244,3159.336862,16.01579532,12.60199073
595.0035233,130.7600536,7377.902713,25744.90621,3223.956776,20.06437983,16.49683266
668.9472341,124.0907638,8736.848064,22227.22473,3381.719502,22.84521124,21.01311518
586.6647865,139.1000879,7181.991566,29297.9473,3230.65552,18.65337892,12.45674273
670.3118472,122.163903,8473.599308,21153.45406,3430.546011,24.27156299,22.37021732
583.1984925,123.6860148,6797.340368,22880.87169,2912.167976,20.59694058,23.04676777
568.4811876,145.4105782,7149.277868,31511.27835,3136.890295,16.20309358,10.74887762
645.6496024,129.5074986,8860.981479,24497.453,3202.383497,16.61887233,19.03510631
466.0727021,140.5392952,4864.479672,30048.13801,2577.418164,18.63048583,11.62141302
613.8311516,140.2261766,8096.719139,30098.40891,3450.127913,19.79454829,11.37232105
486.9903764,129.3167072,4756.640761,24943.10361,2693.129806,22.02506177,17.04865268
713.8928781,136.6527739,12281.98175,27654.92141,3454.502784,12.91022873,16.51324968
689.5627761,128.4009875,9418.480566,24230.04237,3474.962283,19.66327623,18.5531966
503.4596755,125.7084178,5304.552958,23642.86287,2762.676677,21.30052213,20.35683963
563.2930174,134.2609711,7103.796583,26802.69083,2790.506421,14.96879027,16.477166
643.4386328,126.3513146,8495.310965,23280.41412,3257.518059,20.43212618,20.02189561
599.7514368,128.9074503,6333.110366,23847.83338,2977.693431,17.46631726,19.36506662
572.0167195,122.0564327,6228.039471,21135.22946,2964.250876,21.18462195,24.59201852
517.4653079,129.2744762,5501.379839,25284.60706,2940.44519,24.90410696,15.90069029
506.2391303,121.5665041,4092.373892,21971.82741,2659.712205,23.53084521,24.17497776
471.6851315,131.7548245,4523.943116,26478.77675,2625.736356,20.79958191,15.42311032
528.4727571,141.9667283,5581.856557,31287.99651,3044.98734,20.53967024,10.53634502
554.0082457,126.8470385,6129.866993,23682.24416,2931.600449,23.47917213,18.2925665
529.4739808,128.6001573,5845.217798,24673.61057,2726.522032,17.08587626,19.54853779
500.9242632,142.1539193,5938.349736,29822.18118,2536.144875,13.74606827,12.93628739
653.8731498,149.989358,10257.12129,32847.74027,3437.022832,13.13807265,10.32097154
566.706303,140.3202933,7402.947509,29161.18843,2697.427108,11.21011407,15.2813313
699.2467356,125.0853944,10610.93867,24079.76196,3154.889604,15.61225575,24.84925422
476.0280703,137.9924491,4708.350591,29352.85759,2745.719321,22.10098075,11.97682308
468.3473478,125.8659955,4278.681262,23539.60528,2640.807915,23.09742657,19.09101304
643.8693031,133.0546559,8500.698713,25399.52007,3375.065237,17.5920093,16.27586917
638.2932464,126.5930383,7591.992732,23632.39179,3477.781712,24.3764571,18.1894649
629.0229434,122.4058956,7278.468478,21176.89072,3217.534719,24.91511714,21.85609549
450.4389425,126.077711,4359.591535,23875.04334,2518.264522,21.20407691,19.52181953
614.4049008,144.7264967,8353.265742,31537.25033,3411.251632,16.88190679,10.67762285
639.5258694,121.3832829,7875.966049,21077.69892,3266.265019,22.43722354,24.62044207
584.5060795,144.2371656,7661.186878,31512.30813,3265.526675,17.69638309,10.56256481
607.9957177,128.5196547,6354.926559,24788.78975,2969.789444,13.96761957,22.72550294
567.132763,132.3431843,6776.814055,26357.96807,2609.707654,12.45800323,19.64216699
486.7902916,130.0519362,4082.021475,25034.38011,2755.712256,22.93526007,16.11068996
512.7702331,124.9164364,4804.766266,23445.4278,2605.43056,18.49237089,22.50503405
603.8085997,124.4453068,5776.953902,22441.88028,3173.957704,24.0353916,20.1365353
587.2484087,131.0210094,6864.185343,25529.58411,2971.893236,15.84833814,18.00476076
587.834789,132.8090512,8855.179066,28951.20161,2657.212739,10.04226569,21.52957856
580.2999355,127.0774764,6670.382618,23874.47399,3234.24999,21.69046027,18.47486421
623.5627795,130.0218664,8638.082925,26118.46173,2901.637003,12.55446605,21.72869575
543.1806527,131.8148438,5991.877585,25308.86325,2766.857535,17.07289765,17.19251837
476.225038,132.9046256,4553.936917,26604.01847,2685.252772,21.32751213,14.70852238
652.5504555,126.352126,9278.876827,23675.49488,3390.333083,20.12428741,20.25694984
755.9096512,127.2319833,11919.98947,25547.04374,3473.801774,12.42844114,24.70225474
496.7876607,135.9650928,5017.035564,27573.08964,2872.040859,20.74469275,13.21292041
625.0926645,129.2147655,8467.937306,25030.24394,3120.715033,15.73593922,19.96661567
552.1074492,146.8707356,6618.257851,32092.65333,3068.927864,16.69663011,10.08596343
534.6707854,138.3728739,6011.035001,30320.3104,3169.074401,23.24457331,11.17427284
565.3229655,149.6107266,8755.523612,32047.52712,2725.467073,10.25844732,11.8108131
638.9269984,131.0188396,9077.355391,27924.01303,2979.166221,10.89580695,22.52566368
612.7769407,125.2472779,7405.796875,22854.93209,2937.267215,18.8130229,22.46897465
713.6797984,127.5111676,9897.66072,24430.33099,3364.628513,14.76017513,22.43861608
671.1518319,128.3191673,9605.735424,24518.07045,3460.167304,17.16109371,19.84153426
745.8758469,129.4916809,11845.9541,24697.43242,3416.92913,15.20557269,19.71014916
665.8775936,129.6604098,8835.581429,24746.37775,3486.391216,19.51454319,17.60042238
486.0842897,128.8386568,4861.019317,24474.07253,2599.423689,19.64401833,18.08101247
570.3524372,126.4859798,6807.679707,23775.52964,2898.610404,19.06795321,20.64392786
474.7279487,138.2237344,4733.607937,29277.591,2748.771241,22.96417843,11.52603691
604.2326078,128.5660819,7827.680348,25224.04518,2705.831014,13.35714713,22.99822853
640.2509373,127.6667049,5499.519356,24835.37917,3140.08224,13.51192181,23.79587776
527.2986627,144.496151,6106.477495,32461.96176,3016.434752,19.87597347,10.01218954
636.1519535,131.9431967,8680.23385,25396.80364,3319.493233,18.10614655,16.60161919
650.3116842,135.4460289,9062.133706,27521.93541,3244.767669,13.55229772,16.74714852
574.009934,132.4648319,6097.760028,25740.09822,3038.855139,17.49486126,16.67305148
663.6063062,129.3389813,8499.920359,24974.68406,3356.472153,16.28602045,19.43432105
609.1965536,133.1618757,8687.099736,26415.87228,2682.800813,12.52602266,18.9552354
501.4927538,132.7240593,5242.435168,26701.85644,2813.765793,20.71206291,15.00640799
598.6994041,137.5191014,7504.036905,28035.40742,3299.162783,17.37736873,13.4002641
528.5513692,134.0395792,5989.564541,27062.86533,2885.332724,18.55677036,15.19986306
578.9037689,130.3696334,6338.757618,25119.48729,3027.45893,19.693049,17.29712404
528.4497658,132.7651938,5660.557369,26338.69961,3063.684777,22.58907424,14.7605668
675.4577472,137.0926739,11390.39822,28807.25969,3035.124192,10.7455665,17.62191618
698.5635442,137.4633638,12688.72273,29183.79608,3110.894014,10.10850041,17.86810943
539.9304714,123.088835,6028.655686,23019.61702,2579.041261,18.2219158,24.91659096
524.9640269,123.9588799,5565.125602,22711.57192,2662.56448,19.76870922,23.23040105
615.3870035,147.3611904,8517.746113,32104.37949,3392.298933,15.70146416,10.26644564
611.3439187,140.2443175,9033.107956,29089.72676,3008.823484,12.80088778,14.28634235
618.6577503,132.8475762,7883.808594,26091.49929,3347.091364,20.62941711,14.88963092
576.9093771,132.8615147,6982.83172,26389.81008,2783.082904,14.11523801,17.91113923
716.1919093,130.2958132,11359.13689,27653.26753,3360.163116,11.15673058,22.62094218
521.6737288,146.8119236,6064.526042,32449.50173,2910.005931,16.36656118,10.23668235
684.3879755,142.6021063,11699.58776,29972.39291,3370.326207,11.653624,13.77148275
566.7255455,129.528232,6801.616099,24745.01039,2920.668631,16.98680741,18.79002686
453.1633466,124.4841203,4232.847015,23361.31341,2584.205933,23.96049625,20.31728678
537.5819943,145.5064351,6677.816795,31517.06066,2879.713956,13.92913001,11.46277516
482.7453204,132.2320857,4769.727729,26755.70432,2746.178724,22.54669696,14.52405387
488.9356549,136.8236571,5099.645153,27355.72977,2589.98914,17.00031193,14.04891512
503.0713469,137.2663441,5797.110677,27469.94029,2510.397036,14.43845026,15.14182224
496.0797177,126.3935798,4959.803016,23515.41658,2603.885536,21.09284342,19.81451773
499.4845917,138.0155265,5466.11194,30097.62137,2914.455783,22.30597108,11.71216614
601.0900071,131.4943925,7373.930076,25212.02032,3205.919697,19.84905638,16.36486059
522.5664407,146.3821589,6055.881219,31106.45421,2786.990938,14.67394654,11.01625229
527.8404787,145.6714664,7005.744209,30844.48875,2596.297738,11.32764436,12.53109964
717.3985162,129.8727882,11113.78244,27312.67918,3369.613917,11.28534361,23.14796137
778.4414873,127.3240961,14300.30212,26175.23777,3456.03959,12.36187724,24.22870286
714.6314759,123.9243285,9469.095771,22929.56756,3448.767382,17.57165369,24.69836499
689.4174404,148.3188884,12118.94314,32350.26722,3420.580843,10.35872948,12.13347563
543.3438108,132.1232252,6634.199355,25785.39861,2777.632934,16.83480616,17.07724837
562.9404961,130.1633827,6641.781308,25670.86884,2616.431838,13.60059918,21.05624318
570.5836487,131.4038285,6872.708877,25563.66973,3131.709739,20.93090775,15.56282761
656.5242111,135.0157156,10077.09946,27431.92728,2992.843966,12.46161927,17.58095972
709.2554669,133.9437326,9541.177997,26457.37882,3496.118811,14.02900672,17.54052301
686.5521193,142.5886619,13280.58104,30214.5028,3179.191931,10.56554683,14.48474942
586.6339151,131.3362673,7238.625991,25502.73492,3177.731811,21.05577494,15.87642347
613.6197254,137.0065509,8017.123562,27818.37352,3285.144194,16.50165773,13.98085886
595.3547756,131.2557153,7880.911478,25426.75332,2897.176378,15.05167037,18.68096113
577.7446344,128.948934,7096.24553,24673.94116,2728.823388,15.80773651,20.19347114
565.9758349,132.7000794,6394.164859,26313.90177,3227.1632,23.16048877,14.1989182
638.0529853,123.391013,8027.815784,22148.75372,3032.855084,19.61577602,24.75323221
543.6495845,131.396345,6164.856207,28365.61533,2634.704103,10.40302684,22.63893993
550.5767985,141.0240467,7676.76716,29599.34312,2568.425136,10.94042701,15.39051358
563.5839756,137.6671279,7136.886252,27688.45716,2894.747975,15.26352567,14.42705745
536.9203319,132.39323,5568.059177,26976.9757,3144.526589,24.98918028,13.79461782
548.2142188,130.9608958,6262.109919,26347.88356,3060.992734,22.24340791,15.25236828
545.8065557,143.088116,6987.786847,29631.44623,2751.371099,12.68439175,13.00600389
588.951576,140.9645973,7119.039393,30256.3769,3341.768287,18.43487853,11.57517575
601.7163632,147.7063323,9082.595927,31298.57523,2935.888864,11.79783823,11.6547402
537.8331418,139.5859411,6030.777674,29007.58669,2983.654011,18.03158166,12.4199761
614.9104355,123.967936,7701.18029,22906.66862,2925.970634,16.9505832,24.97771922
546.5010362,150.6126316,8459.327639,32274.93886,2615.255477,10.2751848,11.53430356
533.0721696,133.044881,6001.851135,26152.27994,2665.760655,15.60539161,17.09197479
571.8915126,132.9093863,6857.222831,27228.71859,3322.009071,24.20905242,13.57124712
679.0547935,142.1744214,11598.09052,29711.95949,3344.62467,12.10683685,13.68067115
645.242898,130.5240911,7109.996871,24882.22596,3334.718223,17.71883781,17.84836475
591.3085517,125.0681159,7306.072411,23303.65938,3306.949823,23.88967817,19.89372827
498.1852065,150.4074483,5946.066134,32963.84185,2654.327391,12.66508746,10.29502279
609.3419094,124.3912451,7713.397174,23432.30265,3210.321861,20.26032601,22.13332092
579.4205117,128.1790688,6297.709907,25794.72298,2737.103509,11.74029035,24.00575212
620.0490328,149.8597226,9036.514129,32577.44888,3324.48934,13.28822282,10.35759852
585.39679,133.2748967,7253.086074,26777.72777,2621.698654,11.93698663,19.28592019
603.9792241,130.4478684,7776.708605,24742.75764,3201.910702,19.1145722,17.44278689
503.8271617,145.2378335,5558.987834,31282.22598,2765.019605,15.36301443,11.04123822
584.3290052,150.8048221,8205.72769,33130.6001,3109.831769,13.40240664,10.0452013
614.9963486,122.4470254,7775.749106,22167.46552,3182.724823,22.35268998,23.74469235
584.0764704,125.8731917,7200.317728,23810.24217,3054.474194,19.94052553,21.1698939
566.1379537,128.8168094,6363.454952,24461.21439,3138.920945,23.73825675,16.55900175
536.8047364,152.2190947,8344.458022,33216.45446,2517.034855,10.22984631,10.90466563
540.1767069,135.091263,6324.836909,27445.43595,3104.990417,20.32694117,13.72443953
467.8058301,133.2966807,4426.129314,27081.97424,2678.299451,24.40271343,13.43238628
553.9128232,148.5494723,8140.988514,31761.96301,2642.937178,10.97978228,11.78503549
571.3573082,135.8119331,6914.726446,26684.10188,2998.165325,17.19685061,14.63804342
508.9483747,123.0036827,5251.48282,22231.55603,2719.322289,22.04107503,23.2246748
530.4908846,121.9161872,5591.551908,21400.87228,2644.145079,21.90425191,24.39925531
614.2887298,131.933593,7751.812208,26403.17355,3484.803046,22.82655378,14.94077395
565.5614379,120.3933994,5112.420379,21650.24265,2916.593933,24.06978057,24.87165934
664.8196456,125.8135516,8975.67446,22612.44949,3238.759285,19.58098691,20.53054582
653.7529449,130.7922838,9459.594605,25989.26259,3046.193344,13.01567482,20.41715702
659.7210551,129.3299152,9407.704621,24245.53218,2988.43599,15.94837912,19.72110366
588.7058577,126.8619236,7365.563472,24183.95421,2788.535173,13.21399596,24.48657688
611.2467777,130.5697276,8575.767666,28105.09202,2760.691795,10.13679734,23.51340689
536.4967537,137.2811339,5659.797322,28784.40591,3115.423544,23.80090555,11.98046266
620.4224987,147.0463941,9217.237037,31930.53339,3123.307014,11.4479874,12.16750049
522.2736314,131.0341272,5977.091535,25686.78367,2610.445314,15.30628391,18.72877159
648.6363094,143.0546391,10238.96284,30111.67841,3213.070053,12.86530901,12.94043379
671.5983405,124.6939342,8615.226932,22096.96266,3262.412636,22.18066249,20.90765272
541.6811782,126.6490554,6305.802433,24466.57888,2528.39588,13.50745542,24.65333615
589.8791853,132.571514,8388.799168,26611.32225,2689.926059,12.25225895,19.78532251
496.6912696,140.770711,4781.686042,29517.58623,2769.781435,17.27881893,12.12853905
581.1970907,134.5347389,6908.350591,27332.79975,3316.452559,20.44974083,13.93860225
588.1330684,138.2496624,7283.153549,30536.48596,3438.398257,23.1140363,11.20781706
670.4938228,138.3474922,10999.62346,29264.48068,3126.756204,10.86853109,16.71296395
656.2843122,134.1654882,10240.91744,27856.13448,2844.970741,10.42425624,19.689865
624.2803259,141.1483687,9290.251963,29358.569,3187.197289,13.93968138,13.29911178
702.9406254,128.3078517,10155.79808,24658.38837,3161.524683,12.82313095,23.44985162
523.675189,133.7235851,6063.618839,26570.42636,2758.293311,17.50441657,15.65955906
624.8281706,124.0887835,7946.975105,22930.98664,3043.20612,20.01103169,23.09229039
622.7932587,134.6676075,8692.485522,26559.48876,3103.624813,15.18175525,16.24340327
503.5355923,136.8262679,5511.350338,28305.72318,2796.564722,20.85745565,12.80974219
534.1590894,123.3341005,5956.9739,22910.80491,2795.407276,21.37577705,23.1700377
579.7212107,128.1004838,6815.38497,24264.97819,3258.850256,24.77776174,16.95589536
678.4397065,141.1934825,11871.18297,29625.1889,3124.809574,10.4800726,15.52897357
634.0157406,130.6301289,8752.385145,26276.84656,3097.006167,13.37822893,20.26254104
568.4947655,124.8311678,6500.834441,23396.40714,2681.865667,16.59596899,24.08903865
445.0221505,133.0360314,4099.04326,26839.01812,2501.09344,21.57394063,14.55946994
609.2127555,133.3844409,8084.023865,26038.99162,3237.159236,18.68096379,15.35970123
487.4969907,130.567648,4957.426306,24852.2146,2556.918287,18.46122372,17.50744111
638.6411139,135.1558959,8287.978137,27135.60645,3467.529806,18.93146377,13.9930901
508.7784143,122.4293212,4614.11915,21172.54455,2534.940916,21.99023972,24.01272806
502.8284629,136.7867652,5694.544057,27830.1281,2706.693122,16.30773046,14.30227766
714.8197007,124.2184548,9813.565804,23497.68855,3273.355015,16.8010185,24.81275884
596.6810569,125.8592722,7065.472404,22501.99967,2801.433506,18.78533675,21.40377057
676.0588015,137.1057147,11702.64441,28357.74584,3152.432352,11.18315532,17.35624077
579.3767247,127.3468699,6639.310751,23442.22662,3010.010597,22.61684841,18.62571228
582.2719401,124.3563657,6848.131549,23163.96406,3268.194892,23.83976208,20.71556085
582.5529841,132.1352392,7016.742362,26327.49175,3086.875659,18.7063723,15.93444462
495.9431652,137.9603287,5129.511719,28214.85208,2636.089301,17.79694318,13.10041234
647.1740174,126.8443434,8296.420456,23052.71219,3023.928314,17.87461804,20.93701083
528.9224741,133.0198335,5548.054824,26030.8419,2909.917842,20.65120676,14.85690992
589.9528405,139.8628726,7463.734511,29602.68349,3287.089764,18.752618,12.03803409
497.4126375,147.4078402,5488.388837,32088.31404,2793.898079,15.11451737,10.4106229
475.7249602,126.62972,4485.760533,23750.21993,2627.878943,24.24665199,18.20846487
435.9215795,136.894458,4158.326726,29267.4498,2521.395857,23.92905431,11.76378938
546.0559673,139.9667643,7221.261136,28858.93069,2779.996679,13.58817623,14.12750171
624.4407875,120.9682607,8445.059099,21898.71016,3277.997534,23.91663789,24.28411706
502.829683,123.3302754,4467.084655,21713.88407,2545.333812,24.74475498,20.96531494
497.1790289,125.2127248,5265.199277,23470.93184,2810.317593,22.52706019,19.93658257
626.3403553,134.7053504,8910.647854,27030.9784,3225.515034,15.45218954,16.23032529
541.7218582,122.4667557,3580.567903,22140.69446,2887.543494,21.3556041,24.34950225
645.6742111,128.3414421,8843.435557,24582.98433,2991.902861,14.31007793,22.24208846
569.830542,136.0459083,6589.287586,27610.33134,3283.699092,21.41617691,13.03865326
515.3644086,139.0486841,5793.267568,28413.93949,2816.162354,16.26857878,13.20585384
437.181546,130.7559107,3829.219877,26029.89814,2533.937433,24.69972221,15.18435034
521.7020022,145.3564578,6340.369461,30743.22762,2739.516722,13.77668112,11.69139552
543.6961478,153.9858587,8304.548255,33935.06615,2660.301129,10.64292364,10.16229414
584.6472652,123.7577665,5788.734492,22705.3583,2984.761762,19.41985776,23.56439892
688.9754989,130.6834241,10631.70892,25996.79121,3072.289017,11.3151177,22.30681188
596.351532,140.7231367,8426.07177,29386.34499,2893.091085,11.8223721,14.59243619
520.7042561,122.2635825,5506.314754,21412.45454,2567.276928,20.96189727,24.43046051
754.462303,127.7912708,11870.64323,24051.46934,3414.401573,13.81560522,22.83044803
533.6242016,143.3498728,6834.435868,29813.50721,2781.171948,13.25197798,12.72350933
614.564095,123.8785662,6789.95983,23412.19205,3409.94033,21.27047093,22.11765675
573.7814619,135.7135375,7234.328533,26612.70545,2841.669024,14.60960564,15.81942898
535.57965,139.5336165,5783.21428,29344.57158,2946.522839,18.2882445,12.28875726
474.6692584,143.828553,4804.52748,31136.71604,2652.812339,17.4004854,10.96329942
651.0693145,131.0304047,8916.432214,24920.0083,3376.613809,17.97621921,17.16568844
525.7107249,143.9972238,7714.949083,30987.63045,2542.016451,10.17481168,14.09478122
478.9002749,142.5749654,4705.590777,29476.27654,2622.013831,15.42987977,12.09950261
666.8275714,125.1260852,8602.42788,22906.71814,3192.205396,18.53246083,22.9861927
597.4990756,130.8705918,8199.925529,26886.37212,2854.756416,12.49358859,21.20391399
613.9693751,146.9392077,8479.357412,31728.71968,3300.810865,14.46180438,10.77848441
564.456659,124.8169494,3343.454349,23598.0189,3310.32751,22.47115734,20.33009137
544.6361149,135.9305485,6465.290773,27444.52615,2851.537439,15.78945518,15.23212859
643.929041,130.6947217,8885.943486,25094.01915,3288.77846,16.84378335,17.82239006
545.8042085,129.6154425,5942.449918,24422.92994,2956.644758,21.65339377,16.918115
640.9640991,126.6143865,8175.389731,23098.35565,3252.483156,21.46822691,19.34299187
632.1018066,126.2980145,8568.629684,23598.49845,3004.970834,14.23049749,24.53742183
641.3792523,126.8687031,8551.301597,24059.4708,3164.95954,16.4196259,21.73611914
473.6842498,124.8298291,4292.762282,23523.75016,2670.220687,24.53776116,19.08717784
570.6861708,144.0389624,8868.015994,30722.77011,2721.701252,10.61814978,13.69952255
559.2595588,138.1719647,7932.443272,29133.28552,2505.600916,10.30115351,17.22464675
547.9936904,132.6085128,6230.214941,26232.58536,2987.575705,19.81423051,15.49262252
497.8251207,123.1153922,4998.584538,22652.96407,2802.243269,24.11590597,22.15799515
665.5230415,133.3444079,10217.13256,26782.53843,3242.516567,13.04862842,18.38448942
676.168014,124.907448,8906.761388,21921.01712,3372.860132,20.35806592,21.3765112
590.568183,132.781728,7464.168183,25917.05242,3006.268855,17.64686155,16.1228808
549.3086895,122.9394337,6247.639673,22778.15242,2757.591205,20.98605708,23.64700413
653.8689293,134.4412934,9390.238709,26211.61763,3194.041551,14.53769199,16.5993058
621.3959054,141.5063521,9025.418707,29439.76972,3106.224858,12.71868566,13.60842062
672.4661152,142.1638939,9582.503595,29526.34726,3468.782518,13.4681611,13.08042603
686.9234249,132.9760371,11010.67222,26292.11042,3426.79645,14.06257032,18.0577258
550.967297,123.2680243,6166.937403,22860.30429,3025.606516,24.61193856,21.14597079
510.9107519,131.7344408,5421.062908,25567.22114,2827.737783,22.40868382,15.11817679
611.7240038,141.6675928,9947.742401,29687.67804,2799.321044,10.47511385,15.07946314
633.4889379,146.7298395,9486.336462,31292.45303,3315.802151,13.30135305,11.2526921
553.3418606,129.1608551,6296.282066,25852.792,2711.443773,12.73739486,22.69356892
687.7160666,130.6091188,9537.370297,25372.29714,3196.955975,13.86393736,20.16442702
703.6124733,131.627548,11049.42842,27223.58937,3219.909654,10.7959475,22.2322168
572.5346643,133.8618345,7390.776158,27937.30682,2530.694962,10.19555526,20.56122003
585.1092392,128.635617,4733.157008,24061.9691,2859.495127,15.5051348,20.88667924
688.12212,131.996528,10722.1276,25926.54174,3440.246578,14.91115678,18.10705589
584.1642584,136.860183,7538.60129,28354.62763,3198.035267,18.19295074,13.45046294
566.9032044,124.4952591,4053.442747,22108.70662,2903.724413,21.49141003,21.93784534
442.0771855,135.1085831,4061.21222,28687.33244,2571.806044,24.570866,12.47341305
730.5420628,135.6413798,13715.27247,28250.96803,3320.915271,10.57462609,18.65149731
525.6409363,135.1346211,5650.330146,28044.76618,3031.679376,24.15504066,12.75240234
575.0809181,123.6729227,6370.630111,21289.64687,2836.529741,22.48444201,22.34247316
521.8952139,129.7655229,5736.45606,25071.65738,2715.19029,17.31111901,18.74886242
505.7896188,137.8217506,5692.75894,28147.53641,2809.586373,19.18719955,12.82682941
517.5919365,129.7247498,5479.607684,25083.39522,2538.207756,15.22175383,19.77638034
491.605426,122.6030919,3464.82418,22627.35013,2646.307043,22.68698813,23.13206381
603.1401096,141.3672597,7296.959752,30197.85582,3423.100281,19.74461524,11.15759296
584.4324729,138.7401905,7255.54396,28716.21987,3240.297331,19.29264223,12.49869264
607.9204984,126.0432009,7740.524565,24310.28155,2888.938299,14.68376275,24.32982034
574.6640673,147.5988628,7276.789704,32280.64905,3143.677492,14.94254781,10.3826561
613.5820645,133.0678833,7873.058633,26801.82352,2770.445283,12.01179943,19.30336034
681.5935159,129.6606356,10065.36274,25743.92496,3092.940509,11.57447015,23.39528176
600.8488087,126.4670595,6868.224755,23762.24547,2863.73649,14.99390296,23.48696311
495.9493385,130.176279,5312.746871,24922.14714,2553.035938,17.13623008,18.13143251
635.3796476,144.3065629,10800.86863,30580.05798,3070.891167,11.05140383,13.32509269
578.0465244,129.514935,7144.525128,25743.18162,2649.939891,11.52376848,23.31240446
517.1804216,142.7227984,5614.268851,32043.10001,3021.356934,21.9664314,10.09249455
503.1746117,131.2799477,5287.69129,24827.54388,2619.199098,17.93175612,17.12604958
597.1776114,125.0066182,6992.747804,23149.3373,3338.022792,24.86404342,19.20438283
532.3367321,138.1077301,5576.497201,28177.11428,2963.062481,15.52545076,13.90775156
714.9919082,131.025927,11315.88511,25130.98731,3305.317226,14.82541369,18.97238002
676.7401794,124.0107609,8499.577309,22048.60185,3394.411086,20.1684968,22.76972789
584.4971355,128.4508788,7299.915481,24257.86557,2698.412729,15.02131874,21.31747484
583.7319745,137.7203051,6265.915967,29167.4957,3397.124021,23.46364136,11.8322865
674.026805,131.1744926,10250.66264,27133.08603,3248.013263,12.29082959,20.67993074
565.1075,123.8602341,5699.21739,22602.52581,2933.083476,21.75157311,21.99813811
587.596704,142.747617,7312.691426,31016.0166,3382.735434,19.0561291,10.8354302
708.1181061,131.8158814,11483.39033,26352.9674,3401.361687,13.19821218,19.57234443
442.5979202,136.192843,4055.637749,27932.83317,2558.680097,21.4382146,12.86616702
624.1372372,135.8133577,8245.760766,27747.43988,3464.099878,19.55200914,13.49581648
644.4690887,125.4809991,8811.064171,23560.38801,3358.643812,19.49971859,21.24468293
736.464646,132.2684337,13193.10343,27038.11053,3147.100735,11.08461977,21.00879239
738.9255983,130.1144218,10256.74675,25317.81115,3366.016385,12.19322537,21.82751144
629.9329819,130.6857958,8398.695973,25109.16535,3057.395039,16.10405759,18.53020013
705.0547493,123.9392598,9186.209324,21715.14954,3406.522979,20.20157393,22.88900994
626.801315,122.3818767,7299.000369,21540.49367,3134.560435,20.90790579,24.05314543
699.2297273,130.50337,10654.95548,27829.52935,3279.161398,10.07473198,23.80278741
595.7481237,125.0118471,7146.211831,23451.48324,3389.183687,24.32058785,19.16972913
548.2376534,126.0452886,5725.95365,23282.6102,2967.816553,23.5767985,18.87622579
606.7093066,123.5231858,6796.802958,21639.26558,3082.674181,21.2299753,22.40033447
546.202375,121.5590515,6027.621968,20743.39165,2877.60438,23.52940701,23.94020359
618.7671591,147.8695635,8875.190124,32117.35048,3355.506639,13.69665546,10.84418109
617.3004115,138.3089778,8106.343711,29097.24846,3471.449695,19.15996453,12.63611912
632.8246199,136.5503758,8660.177589,27770.33922,3428.650527,16.44584037,14.34149438
614.0167776,123.7028923,6997.451629,21623.52212,3076.915842,21.82269019,22.29392433
538.4817002,124.986565,5735.098045,22545.74903,2830.779879,23.65895827,20.05141233
560.0956817,129.2477932,5441.154462,25136.62226,2587.359018,13.65234679,21.47123566
493.2887579,122.7248967,4546.891713,21106.66466,2540.629145,22.75071615,23.33800972
608.0625192,130.3665004,6919.908504,25774.77665,3488.249785,21.81930317,15.98799816
684.8927904,132.164926,10210.91927,27656.48652,3342.128125,11.60169318,20.75668171
566.4341984,130.3002676,6625.174168,24619.2926,2948.910903,17.89438047,17.70033353
556.301592,139.2629628,6336.162896,30896.71697,3271.331777,24.59530527,10.61103392
597.6390075,139.7257308,7381.279209,28757.83781,3290.152251,18.39267385,12.22261984
652.5353952,134.4586186,10048.69825,27354.05462,2952.510017,11.98470031,18.22065387
526.2467768,122.2311955,5268.740652,21331.29854,2629.038785,23.20705998,24.1071223
568.4454115,137.8000834,7526.169932,28225.47196,2890.710362,14.27630643,14.73279321
585.6659668,130.2377989,6887.072567,24963.16711,2700.828077,13.8913204,20.46226575
561.6594845,126.9065557,6583.379975,24457.88343,2730.367888,15.47770053,22.6834343
580.5825944,128.8473572,7175.940201,24358.49438,3117.984986,19.1241829,18.42496901
516.1892567,141.438896,6623.581876,29247.52709,2502.321652,11.9699161,14.23607467
620.8271629,130.5765354,7567.014614,24521.7735,3435.768592,21.63585013,16.30676992
637.2530496,138.457746,9888.253129,27928.17607,3037.614818,12.62829812,15.58004171
480.4220827,132.825564,4614.094003,26593.1188,2672.760663,20.04538109,15.02731599
497.4456594,141.7809623,5499.0412,30367.01309,2735.860719,16.54201298,11.89057537
601.8827218,130.456554,7895.94745,25288.40892,3075.458736,17.22586007,18.01627786
475.2740807,139.3415677,5026.807544,28565.28667,2575.77631,16.63345453,12.9800964
581.4059723,129.6486276,6526.81627,25762.46193,2741.153009,12.88502412,21.96470931
731.706558,134.8530907,13950.27929,28455.58236,3232.627674,10.37343445,19.40497702
537.4872671,125.6122565,5359.727379,22836.95519,2572.001156,15.9204194,23.89023874
634.8545031,139.5335735,8924.28776,28350.37331,3462.544313,16.13450622,13.17714403
778.9641921,131.9617843,14251.76901,27263.16088,3413.077582,10.51070008,21.78045021
712.1009805,132.1503876,10321.14562,28037.6737,3348.655471,10.76725669,21.51845743
498.9161501,124.9403006,5186.422205,23308.62741,2562.33576,19.34939987,22.18637608
559.641031,127.4151443,6464.974891,23810.53998,3133.356909,24.43536308,17.42750002
623.626276,138.253473,9734.012496,28555.19426,2871.017485,11.47753538,16.39595832
605.9877503,132.3671328,7204.163616,25651.36157,2928.241862,15.13320907,17.94568274
687.8628162,133.125796,10207.13662,26167.40218,3384.93232,14.01711714,17.76539423
505.0657928,137.7557897,6016.501322,27786.60759,2523.998963,14.34797445,14.91841579
571.7830745,134.7618456,6963.279734,27567.6063,3297.930323,21.7769105,13.33676128
666.270966,134.4219527,9797.886369,26962.49763,3483.663998,16.22043227,15.70530618
552.0283852,131.6408122,6605.133862,25566.29343,2874.353751,18.33559409,16.78417597
585.2553455,148.1042662,8399.869636,31411.80143,2927.814488,12.32383175,11.265424
529.4170468,134.5997296,6362.38874,26448.60129,2607.485096,14.48816555,16.84786607
666.6905742,132.0432803,9640.165559,25886.5554,3312.499468,14.38743013,18.44487464
538.4560152,136.8368829,5991.851971,29017.49164,3129.561622,22.22605961,12.26896287
581.863481,140.1749911,7447.85234,28887.7172,3041.762179,14.58374862,13.24745528
552.8924631,128.3225612,6239.269026,24255.53362,2861.649307,21.03742053,17.97471126
586.3235902,141.4266675,7816.030473,29432.99405,2864.019223,11.89530677,14.2180448
661.0184797,139.2002932,10303.07655,28634.94934,3293.102541,12.96588366,14.78039381
506.0365983,138.2434003,5277.837492,28363.00445,2842.048809,17.99821245,12.88374747
541.8081491,127.1906975,5949.612154,23877.16,2905.558404,21.91381423,18.51423098
748.7477608,128.2827627,12084.48226,25796.55629,3452.53055,13.79031778,22.56132749
696.8911775,125.8963357,9580.993101,24302.27839,3206.342906,15.68300738,23.60347274
638.5401898,128.1819073,8553.679804,24471.02636,3337.901082,18.04868402,19.47920267
676.2128848,148.4355365,11748.23352,31579.55832,3363.479631,11.69195325,11.39541424
491.2686888,137.2568359,4118.808769,29566.69947,2954.346777,24.29744032,11.86726269
631.5012402,144.2573659,8965.29466,31205.85305,3493.458606,16.04316331,11.09843892
442.9412222,135.1223204,3436.190065,28720.43852,2594.87181,22.64434245,12.78055751
575.1356292,133.6301033,7553.893365,27171.68862,2639.997865,11.83970043,19.02801762
687.4101844,125.2329917,8296.286653,22277.32919,3432.707418,20.40363169,21.34316466
702.4813562,127.9766273,10521.57484,24388.07668,3189.060088,13.44484119,22.84329208
572.5541018,138.761041,6805.248445,30099.27203,3329.881027,23.30571725,11.32193374
715.8493368,138.1824269,12589.51609,29173.75616,3247.609027,10.71354465,16.97242686
695.2377333,125.7056582,10197.42118,23952.7639,3445.801686,18.34961419,21.57357723
614.6047231,132.8725753,7831.331001,26951.82849,3447.647723,23.70379045,13.85731798
450.4280391,137.6175131,4172.302239,28280.23021,2591.359206,20.31595924,12.55419154
591.498821,127.867599,7159.116838,23973.59786,3295.285261,23.18917724,17.49834189
482.954551,130.3702259,4781.653762,25074.32433,2551.589219,17.67205578,17.72168545
448.5931281,140.7759891,4339.339125,31508.13921,2669.800338,23.77334904,10.18211
568.6893765,130.1300396,5043.073927,24564.70767,2868.760861,17.76677791,18.27654021
537.6382254,122.0719302,3366.166103,21167.70859,2828.491457,24.66634093,22.93442853
571.7630554,143.4012301,8721.985735,30272.92614,2702.006646,10.90540573,13.82421818
656.70486,124.6723039,8891.487873,23953.26113,3095.352127,15.57867475,24.89796205
644.5515659,138.3568745,9412.499845,27925.09837,3174.387618,13.66154064,14.66269417
628.2694767,123.4133696,7697.841651,22791.26336,3327.002721,24.81488976,21.07064098
624.4863969,144.0895124,8325.883182,31815.55411,3499.238535,18.26518984,10.45087346
566.411785,125.5450504,6911.553424,23651.18498,3119.743895,20.87807425,20.78245742
574.2885247,124.4990156,6271.979925,21922.55294,2805.793433,19.26036743,22.80420375
641.3598716,123.1848471,8007.422264,21505.66095,3167.282654,20.68401566,23.36232007
690.0893193,130.5670778,11272.78564,26468.74933,3254.733702,13.10773992,20.69705443
583.0115866,132.9068832,6891.811315,26463.39384,3191.217016,19.90219692,15.04201661
434.8913798,133.550562,3631.978525,27354.83723,2506.864132,23.34012213,13.6464686
608.0158076,123.837585,6650.88495,21505.64652,3012.891202,23.06614546,21.8902374
595.5737932,133.633177,8640.535448,27773.15011,2807.242814,11.55037853,19.13962808
537.1549438,130.9835594,5982.325113,25982.69102,3000.553772,20.49716081,16.20501812
569.8616104,138.5743267,8508.869539,28960.32249,2560.874655,10.6783271,16.65356383
602.1357073,129.9496638,7448.440435,25976.8095,3442.34642,23.35733381,15.69227733
560.3766236,125.4781372,6246.288596,23383.72574,3180.662105,24.70217485,18.77207816
480.8027417,136.7029179,4795.551656,29329.06646,2775.215031,22.14842272,12.3116344
555.5746818,144.2833558,8074.99827,30566.5088,2717.990762,11.23228299,13.37263067
447.3971166,138.3880768,4295.199763,28764.40889,2548.874664,21.60884374,11.92958744
726.0794489,134.9207769,13340.70258,27476.45161,3330.295709,12.09920403,17.6576962
477.8878662,134.6878128,4733.187772,27028.18187,2695.989054,20.24510748,14.15602728
544.1960815,147.4284183,6556.212356,32536.09878,2958.242473,15.85640051,10.14007852
460.7309249,137.2119903,4544.135436,28492.02755,2581.459316,20.57880818,12.65304766
544.0197508,133.0536583,6093.982645,26597.22873,3015.006819,19.02518235,15.43675276
735.4892339,130.3000952,11737.21405,25965.34121,3274.07284,11.39390536,22.90103752
708.7054829,128.3782705,10735.04429,24320.57235,3458.811455,18.16433074,18.93437172
701.1752627,122.3029065,8971.567553,20577.01805,3495.797788,23.74365558,23.42876608
639.021686,129.6068701,8458.603817,24940.35293,3148.871215,15.97567111,19.22554709
569.1021894,139.1728975,6694.653665,30503.69416,3309.150041,23.98053567,10.88178366
614.6691105,136.3911825,8170.745841,27522.56019,3221.763202,15.89890047,14.81747142
649.9624223,132.7631923,9786.464436,27161.97692,2973.431206,11.62615748,19.99486849
556.276968,129.2194757,6575.760533,25858.49939,2583.952059,11.7308861,23.83376997
531.5915369,131.0324633,5712.079136,25422.7512,2960.619746,23.42438628,15.62608973
649.9343308,141.5528632,10292.50054,29453.67534,3157.246532,11.88509825,14.05995008
721.1197494,133.587084,11262.90565,26792.22349,3303.076546,12.23143856,18.90879715
520.0362837,128.182061,5433.312869,24357.0092,2525.720753,16.91433247,20.61357021
641.0289085,140.8743479,9517.106751,29687.24401,3019.80638,10.02434577,15.77967577
507.4284327,129.9016469,5023.445701,25187.60034,2666.382061,19.30158041,17.33785018
600.8335996,126.5492028,6818.282552,24762.02184,2846.696661,15.07076749,23.67757794
547.8339717,123.1187764,5665.157086,21899.31453,2723.141948,18.40385773,24.56097297
482.354442,143.6226839,5161.531367,30460.8813,2630.930798,16.73706771,11.13892303
561.4869677,134.1907583,5874.084538,26898.71795,3091.919202,18.97019371,14.38123877
613.6897357,129.4188894,7932.098745,26155.17405,2866.194022,13.06882609,22.02094705
568.077046,123.4032482,6318.344352,21972.05308,2950.325049,22.74864656,21.79192378
604.1705064,140.3763562,7850.365089,28744.34075,3332.330585,17.43647487,12.21820527
579.4081914,130.1382075,6479.586676,25395.80372,3098.16851,21.54532727,16.43395306
605.3958018,121.206911,7342.905298,21643.26978,2997.109968,22.07297656,24.958083
591.2048175,137.5554517,7366.925723,29954.79167,3491.378692,24.18810648,11.59093743
491.1276851,145.4656188,5145.91655,31502.38123,2674.071254,16.1743191,10.65141858
590.2505084,129.0730279,7841.276391,25112.7322,3050.584312,16.68717142,19.48398091
627.8416483,132.1066503,9135.49005,25886.17714,2974.315691,14.17509942,18.31072307
582.0780306,128.9787449,6773.26475,24141.67235,2824.408423,18.88169853,18.60619194
591.4108548,134.3897358,5021.633512,26893.21402,3424.202157,20.09362973,14.36369513
672.4134376,125.688886,8974.208042,23589.06841,3171.034123,16.51084589,23.53885485
557.3398144,149.9402045,8193.47561,32953.4469,2819.276802,11.00630788,11.30840976
609.2369941,131.7703248,8061.443913,26031.84819,3251.845128,18.95825479,16.1773074
602.9980844,127.1508755,7825.033407,24066.31526,3078.138631,17.8066039,20.39661781
657.2119432,126.3951871,8967.192922,23441.32374,3101.684953,15.38163337,23.28894472
648.6215809,132.8165928,9211.783193,26027.11462,3185.562592,14.64382541,17.38072792
473.5251801,141.1897994,4875.152927,28905.74061,2554.045615,16.34452733,12.37191469
546.8115323,140.0284225,6265.73762,31454.63287,3163.692796,24.09290919,10.44852647
518.1683476,140.1371362,5586.50651,30594.40498,2994.862861,22.80810015,10.95414627
617.4003769,130.7814462,8475.105061,25733.00639,2882.748021,14.14262654,20.21388343
538.4418381,127.5106175,5938.359375,23835.98877,3064.764422,23.28394398,17.77598249
703.1248838,125.8688529,8833.202853,23779.26377,3479.304198,17.5340759,22.03153471
542.0973446,130.6323736,5953.246929,25807.13406,3089.124317,23.40728263,15.48322213
495.9407094,122.7888269,5158.053813,23080.47492,2784.458454,24.46162919,21.62865071
577.3372877,122.6287007,6036.561101,22236.96911,2849.358532,21.1137857,24.15451574
577.5342093,123.8958787,6932.496852,23174.53759,3029.130481,22.28040424,22.0698144
514.3956961,147.2245444,6468.148476,31256.42001,2527.662254,11.13314063,12.3483428
563.9895617,129.9301369,7192.792269,26499.8028,2687.785375,12.58189991,21.69436289
599.1360589,128.5003836,7648.590368,24725.06289,2942.983614,15.65507057,20.81441351
582.4389413,133.3869922,7390.320565,26047.78316,2835.027439,14.84689998,17.23015555
567.9612724,128.5997931,6460.16276,26408.90952,2651.866348,12.1456616,24.20734702
587.1165269,131.7779837,7556.924674,27023.56885,2632.724782,11.0322113,21.30316097
616.0441704,143.3086932,8199.269356,31155.42193,3481.06199,18.848475,10.69055839
503.0287613,126.5325887,5522.424848,24279.42483,2509.879338,17.32309734,21.59573316
581.330841,132.5968628,7041.975941,26037.96753,3150.436486,19.45533359,15.74055449
677.4697593,128.1354291,9188.350474,23682.26199,3112.287542,16.4671549,20.5108619
450.1773275,144.1984305,4385.265975,31051.65577,2512.674941,17.03106804,10.79956979
503.7373747,155.8650042,7313.211948,34714.82646,2500,10,10
551.6023682,155.8650042,8825.514148,34714.82646,2750,10,10
601.3563248,155.8650042,10524.27363,34714.82646,3000,10,10
652.2670799,155.8650042,12418.76201,34714.82646,3250,10,10
701.7506793,155.8650042,14271.51916,34714.82646,3500,10,10
525.220506,144.8624442,7653.516849,31453.78437,2500,10,13.75
574.8653912,144.8624442,9101.417774,31453.78437,2750,10,13.75
627.7650503,144.8624442,10953.7776,31453.78437,3000,10,13.75
680.1888844,144.8624442,12968.55523,31453.78437,3250,10,13.75
730.0174836,144.8624442,14900.75078,31453.78437,3500,10,13.75
559.0813988,137.9667214,7826.761894,29272.22167,2500,10,17.5
614.1390952,137.9667214,9656.312558,29272.22167,2750,10,17.5
667.6622712,137.9667214,11268.2082,29272.22167,3000,10,17.5
725.2771136,137.9667214,13368.0564,29272.22167,3250,10,17.5
780.2706194,137.9667214,15393.46587,29272.22167,3500,10,17.5
547.0067722,133.3890654,7060.011719,28666.35305,2500,10,21.25
600.0358681,133.3890654,8515.013235,28666.35305,2750,10,21.25
654.6826959,133.3890654,10170.86299,28666.35305,3000,10,21.25
707.8376969,133.3890654,11887.80962,28666.35305,3250,10,21.25
755.2453818,133.3890654,13881.16933,28666.35305,3500,10,21.25
522.7908613,129.6952859,5431.029112,27542.61156,2500,10,25
573.0674471,129.6952859,6503.724192,27542.61156,2750,10,25
626.5268722,129.6952859,7808.76341,27542.61156,3000,10,25
679.2426039,129.6952859,8915.800004,27542.61156,3250,10,25
732.3911854,129.6952859,10594.29596,27542.61156,3500,10,25
463.155663,150.256433,4841.364389,33066.57054,2500,13.75,10
511.1415233,150.256433,5893.357606,33066.57054,2750,13.75,10
556.6985335,150.256433,6966.4224,33066.57054,3000,13.75,10
602.5809892,150.256433,8103.914335,33066.57054,3250,13.75,10
648.0233336,150.256433,9306.984647,33066.57054,3500,13.75,10
468.8848261,140.6582638,4909.105216,28966.09774,2500,13.75,13.75
521.0544398,140.6582638,5887.202639,28966.09774,2750,13.75,13.75
567.7728198,140.6582638,7027.010922,28966.09774,3000,13.75,13.75
614.0060918,140.6582638,8214.04431,28966.09774,3250,13.75,13.75
658.5655262,140.6582638,9519.490613,28966.09774,3500,13.75,13.75
516.6379371,134.1496085,6158.111416,26444.10148,2500,13.75,17.5
576.2341365,134.1496085,7566.427589,26444.10148,2750,13.75,17.5
624.0380252,134.1496085,8851.017549,26444.10148,3000,13.75,17.5
674.7563178,134.1496085,10575.90402,26444.10148,3250,13.75,17.5
730.7536887,134.1496085,12230.94409,26444.10148,3500,13.75,17.5
519.9936598,129.5313538,6136.799557,25643.00764,2500,13.75,21.25
574.3660199,129.5313538,7324.652072,25643.00764,2750,13.75,21.25
621.8815351,129.5313538,8849.589533,25643.00764,3000,13.75,21.25
672.7052413,129.5313538,10167.10319,25643.00764,3250,13.75,21.25
725.8724085,129.5313538,11867.48154,25643.00764,3500,13.75,21.25
531.7354011,126.129981,5922.483364,24267.24485,2500,13.75,25
586.7006845,126.129981,7196.417211,24267.24485,2750,13.75,25
639.710445,126.129981,8571.564774,24267.24485,3000,13.75,25
693.2182259,126.129981,10000.62034,24267.24485,3250,13.75,25
743.9216964,126.129981,11981.53275,24267.24485,3500,13.75,25
446.5431083,146.5901373,4374.088153,32382.17106,2500,17.5,10
495.8041903,146.5901373,5442.356304,32382.17106,2750,17.5,10
535.0109287,146.5901373,6168.218322,32382.17106,3000,17.5,10
581.4601756,146.5901373,7454.012205,32382.17106,3250,17.5,10
624.7773027,146.5901373,8467.105935,32382.17106,3500,17.5,10
449.1175644,137.2408541,4291.129548,28045.26866,2500,17.5,13.75
493.6428659,137.2408541,5173.534204,28045.26866,2750,17.5,13.75
540.1308881,137.2408541,6264.801481,28045.26866,3000,17.5,13.75
585.1038619,137.2408541,7416.043804,28045.26866,3250,17.5,13.75
625.421305,137.2408541,8410.521067,28045.26866,3500,17.5,13.75
486.6887433,131.0008454,4788.425742,24876.04477,2500,17.5,17.5
536.6999707,131.0008454,5872.996055,24876.04477,2750,17.5,17.5
584.6592128,131.0008454,6968.061703,24876.04477,3000,17.5,17.5
634.2432373,131.0008454,8152.695235,24876.04477,3250,17.5,17.5
681.3536914,131.0008454,9454.517355,24876.04477,3500,17.5,17.5
498.5193727,126.815688,5114.224716,24024.42847,2500,17.5,21.25
549.0429038,126.815688,6155.894026,24024.42847,2750,17.5,21.25
600.1565565,126.815688,7410.499495,24024.42847,3000,17.5,21.25
649.9027825,126.815688,8665.970344,24024.42847,3250,17.5,21.25
699.0091233,126.815688,10030.04796,24024.42847,3500,17.5,21.25
499.8613769,123.6691657,3957.100338,22375.01393,2500,17.5,25
550.0059172,123.6691657,4766.874942,22375.01393,2750,17.5,25
601.4656242,123.6691657,5761.309546,22375.01393,3000,17.5,25
649.8484082,123.6691657,6768.433244,22375.01393,3250,17.5,25
696.5296087,123.6691657,7656.04328,22375.01393,3500,17.5,25
427.3892603,143.5558166,3893.865963,32221.79203,2500,21.25,10
470.5052013,143.5558166,4714.173255,32221.79203,2750,21.25,10
512.1877403,143.5558166,5615.673216,32221.79203,3000,21.25,10
555.670812,143.5558166,6532.494442,32221.79203,3250,21.25,10
600.2698683,143.5558166,7632.115341,32221.79203,3500,21.25,10
433.4047262,134.9471071,3804.145017,27044.46167,2500,21.25,13.75
473.0459012,134.9471071,4599.84066,27044.46167,2750,21.25,13.75
519.6670727,134.9471071,5558.053172,27044.46167,3000,21.25,13.75
562.6095758,134.9471071,6551.595655,27044.46167,3250,21.25,13.75
604.9150137,134.9471071,7729.510961,27044.46167,3500,21.25,13.75
457.2678966,128.6388998,4492.079272,24317.50748,2500,21.25,17.5
503.0227278,128.6388998,5371.387069,24317.50748,2750,21.25,17.5
547.5581678,128.6388998,6451.870161,24317.50748,3000,21.25,17.5
596.243523,128.6388998,7589.939249,24317.50748,3250,21.25,17.5
641.1693624,128.6388998,8879.467565,24317.50748,3500,21.25,17.5
459.38349,124.8258542,4406.286264,23121.19334,2500,21.25,21.25
508.0653716,124.8258542,5431.1717,23121.19334,2750,21.25,21.25
551.1394595,124.8258542,6354.881549,23121.19334,3000,21.25,21.25
596.9123408,124.8258542,7582.246074,23121.19334,3250,21.25,21.25
644.2438347,124.8258542,8783.71704,23121.19334,3500,21.25,21.25
500.7408919,121.8210483,4409.616993,21473.49549,2500,21.25,25
547.2280361,121.8210483,5311.760669,21473.49549,2750,21.25,25
606.9251389,121.8210483,6334.810226,21473.49549,3000,21.25,25
647.3203908,121.8210483,7462.60955,21473.49549,3250,21.25,25
701.7638907,121.8210483,8685.404481,21473.49549,3500,21.25,25
418.5867582,141.0263122,3723.793202,32006.19475,2500,25,10
455.6874477,141.0263122,4473.570118,32006.19475,2750,25,10
503.5189358,141.0263122,5381.514109,32006.19475,3000,25,10
544.9786367,141.0263122,6418.430368,32006.19475,3250,25,10
586.4514832,141.0263122,7375.807311,32006.19475,3500,25,10
424.0618224,132.5473496,3789.331973,27180.73782,2500,25,13.75
463.5288445,132.5473496,4448.73525,27180.73782,2750,25,13.75
508.7481185,132.5473496,5472.480022,27180.73782,3000,25,13.75
552.4883267,132.5473496,6373.265955,27180.73782,3250,25,13.75
594.1758742,132.5473496,7402.02575,27180.73782,3500,25,13.75
444.2150525,127.0233504,3949.254859,23824.29861,2500,25,17.5
482.7431757,127.0233504,4835.325268,23824.29861,2750,25,17.5
525.0003906,127.0233504,5622.55049,23824.29861,3000,25,17.5
568.5156881,127.0233504,6518.284146,23824.29861,3250,25,17.5
619.6040405,127.0233504,7617.877449,23824.29861,3500,25,17.5
444.3406388,123.0357267,3836.681728,22616.07336,2500,25,21.25
488.71823,123.0357267,4568.606421,22616.07336,2750,25,21.25
532.6374354,123.0357267,5563.907319,22616.07336,3000,25,21.25
577.9971943,123.0357267,6447.01168,22616.07336,3250,25,21.25
619.564334,123.0357267,7395.85716,22616.07336,3500,25,21.25
488.05179,120.0991247,4582.115788,20791.94482,2500,25,25
535.8316434,120.0991247,5320.370044,20791.94482,2750,25,25
586.1847936,120.0991247,6463.870239,20791.94482,3000,25,25
628.5474304,120.0991247,7659.960121,20791.94482,3250,25,25
683.1364962,120.0991247,8770.321051,20791.94482,3500,25,25
